"id","cust_name","cust_type","cust_ref_no","cust_website","cust_email","cust_contact_no","cust_contact_no_ext","cust_tax_id","cust_primary_address","cust_primary_city","cust_primary_state","cust_primary_country","cust_primary_postal","cust_primary_unit_no","cust_mailing_address","cust_mailing_city","cust_mailing_state","cust_mailing_country","cust_mailing_postal","cust_mailing_unit_no","cust_ap_name","cust_ap_address","cust_ap_city","cust_ap_state","cust_ap_country","cust_ap_postal","cust_ap_unit_no","cust_ap_email","cust_ap_phone","cust_ap_phone_ext","cust_ap_fax","cust_broker_name","cust_bkp_notes","cust_bkspl_notes","cust_credit_status","cust_credit_mop","cust_credit_appd","cust_credit_expd","cust_credit_terms","cust_credit_limit","cust_credit_notes","cust_credit_application","cust_credit_currency","cust_sbk_agreement","cust_credit_agreement","cust_contact","cust_equipment","created_at","updated_at"
"1","Robin Joseph","Retailer","54345345345","www.fred.com","robinjo1776@gmail.com","5435345345","33","535435","30 Greendowns Drive","Toronto","Ontario","Canada","M1M 2G7",NULL,"5 E 98th St, New York, NY 10029, USA","New York","New York","United States","10029",NULL,"George","I-405, Los Angeles, CA, USA","Los Angeles","California","United States","44442g","33","robinjo1776@gmail.com","4379713752","55",NULL,"broker2",NULL,NULL,"Approved","Direct Deposit","2024-09-10","2024-10-10","5","4","bdbdgbb",NULL,"USD",NULL,NULL,NULL,"[]","2024-09-23 09:47:43","2024-12-06 11:03:20"
"7","Rajesh","Distributor","46446467","www.ffrg.com","rajesh@gmail.com","on","209","JN 6756","30 Greenwich Avenue","New York","New York","United States","10011",NULL,"8",NULL,NULL,NULL,NULL,NULL,NULL,"90 Feet Road","Patna","Bihar","India",NULL,NULL,NULL,NULL,NULL,NULL,"Broker 2","good","hgjg","Not Approved","Wire Transfer","2024-12-03","2025-01-03","39","7","fhjfhj","1","USD","http://127.0.0.1:8000/storage/uploads/VKobKSy3BoCpXLdU0z3oELwmLV9vCpObFAzMo2qx.pdf","http://127.0.0.1:8000/storage/uploads/Vqr9npXj8Vk1OjFFWEzpQXKMCBRlbvxm73s8TESS.pdf","[]","[]","2024-11-22 04:01:55","2024-12-06 06:43:38"
"8",NULL,NULL,NULL,NULL,NULL,NULL,NULL,NULL,NULL,NULL,NULL,NULL,NULL,NULL,NULL,NULL,NULL,NULL,NULL,NULL,NULL,NULL,NULL,NULL,NULL,NULL,NULL,NULL,NULL,NULL,NULL,NULL,NULL,NULL,NULL,NULL,NULL,NULL,NULL,NULL,NULL,NULL,NULL,NULL,NULL,NULL,NULL,"2024-12-26 03:35:34","2024-12-26 03:35:34"
"9","Robin Joseph","Retailer","54345345345","www.fred.com","robinjo1776@gmail.com","5435345345","33","535435","30 Greendowns Drive","Toronto","Ontario","Canada","M1M 2G7",NULL,"5 E 98th St, New York, NY 10029, USA","New York","New York","United States","10029",NULL,"George","I-405, Los Angeles, CA, USA","Los Angeles","California","United States","44442g","33","robinjo1776@gmail.com","4379713752","55",NULL,"broker2",NULL,NULL,"Approved","Direct Deposit","2024-09-10","2024-10-10","5","4","bdbdgbb",NULL,"USD",NULL,NULL,NULL,"[]","2024-09-23 09:47:43","2024-12-06 11:03:20"
"10","Rajesh","Distributor","46446467","www.ffrg.com","rajesh@gmail.com","on","209","JN 6756","30 Greenwich Avenue","New York","New York","United States","10011",NULL,"8",NULL,NULL,NULL,NULL,NULL,NULL,"90 Feet Road","Patna","Bihar","India",NULL,NULL,NULL,NULL,NULL,NULL,"Broker 2","good","hgjg","Not Approved","Wire Transfer","2024-12-03","2025-01-03","39","7","fhjfhj","1","USD","http://127.0.0.1:8000/storage/uploads/VKobKSy3BoCpXLdU0z3oELwmLV9vCpObFAzMo2qx.pdf","http://127.0.0.1:8000/storage/uploads/Vqr9npXj8Vk1OjFFWEzpQXKMCBRlbvxm73s8TESS.pdf","[]","[]","2024-09-23 09:47:43","2024-12-06 11:03:20"
"11","Robin Joseph","Retailer","54345345345","www.fred.com","robinjo1776@gmail.com","5435345345","33","535435","30 Greendowns Drive","Toronto","Ontario","Canada","M1M 2G7",NULL,"5 E 98th St, New York, NY 10029, USA","New York","New York","United States","10029",NULL,"George","I-405, Los Angeles, CA, USA","Los Angeles","California","United States","44442g","33","robinjo1776@gmail.com","4379713752","55",NULL,"broker2",NULL,NULL,"Approved","Direct Deposit","2024-09-10","2024-10-10","5","4","bdbdgbb",NULL,"USD",NULL,NULL,NULL,"[]","2024-09-23 09:47:43","2024-12-06 11:03:20"
"12","Robin Joseph","Retailer","54345345345","www.fred.com","robinjo1776@gmail.com","5435345345","33","535435","30 Greendowns Drive","Toronto","Ontario","Canada","M1M 2G7",NULL,"5 E 98th St, New York, NY 10029, USA","New York","New York","United States","10029",NULL,"George","I-405, Los Angeles, CA, USA","Los Angeles","California","United States","44442g","33","robinjo1776@gmail.com","4379713752","55",NULL,"broker2",NULL,NULL,"Approved","Direct Deposit","2024-09-10","2024-10-10","5","4","bdbdgbb",NULL,"USD",NULL,NULL,NULL,"[]","2024-09-23 09:47:43","2024-12-06 11:03:20"
"13","Robin Joseph","Retailer","54345345345","www.fred.com","robinjo1776@gmail.com","5435345345","33","535435","30 Greendowns Drive","Toronto","Ontario","Canada","M1M 2G7",NULL,"5 E 98th St, New York, NY 10029, USA","New York","New York","United States","10029",NULL,"George","I-405, Los Angeles, CA, USA","Los Angeles","California","United States","44442g","33","robinjo1776@gmail.com","4379713752","55",NULL,"broker2",NULL,NULL,"Approved","Direct Deposit","2024-09-10","2024-10-10","5","4","bdbdgbb",NULL,"USD",NULL,NULL,NULL,"[]","2024-09-23 09:47:43","2024-12-06 11:03:20"
"14","Robin Joseph","Retailer","54345345345","www.fred.com","robinjo1776@gmail.com","5435345345","33","535435","30 Greendowns Drive","Toronto","Ontario","Canada","M1M 2G7",NULL,"5 E 98th St, New York, NY 10029, USA","New York","New York","United States","10029",NULL,"George","I-405, Los Angeles, CA, USA","Los Angeles","California","United States","44442g","33","robinjo1776@gmail.com","4379713752","55",NULL,"broker2",NULL,NULL,"Approved","Direct Deposit","2024-09-10","2024-10-10","5","4","bdbdgbb",NULL,"USD",NULL,NULL,NULL,"[]","2024-09-23 09:47:43","2024-12-06 11:03:20"
"15","Robin Joseph","Retailer","54345345345","www.fred.com","robinjo1776@gmail.com","5435345345","33","535435","30 Greendowns Drive","Toronto","Ontario","Canada","M1M 2G7",NULL,"5 E 98th St, New York, NY 10029, USA","New York","New York","United States","10029",NULL,"George","I-405, Los Angeles, CA, USA","Los Angeles","California","United States","44442g","33","robinjo1776@gmail.com","4379713752","55",NULL,"broker2",NULL,NULL,"Approved","Direct Deposit","2024-09-10","2024-10-10","5","4","bdbdgbb",NULL,"USD",NULL,NULL,NULL,"[]","2024-09-23 09:47:43","2024-12-06 11:03:20"
"16","Robin Joseph","Retailer","54345345345","www.fred.com","robinjo1776@gmail.com","5435345345","33","535435","30 Greendowns Drive","Toronto","Ontario","Canada","M1M 2G7",NULL,"5 E 98th St, New York, NY 10029, USA","New York","New York","United States","10029",NULL,"George","I-405, Los Angeles, CA, USA","Los Angeles","California","United States","44442g","33","robinjo1776@gmail.com","4379713752","55",NULL,"broker2",NULL,NULL,"Approved","Direct Deposit","2024-09-10","2024-10-10","5","4","bdbdgbb",NULL,"USD",NULL,NULL,NULL,"[]","2024-09-23 09:47:43","2024-12-06 11:03:20"
"17","Robin Joseph","Retailer","54345345345","www.fred.com","robinjo1776@gmail.com","5435345345","33","535435","30 Greendowns Drive","Toronto","Ontario","Canada","M1M 2G7",NULL,"5 E 98th St, New York, NY 10029, USA","New York","New York","United States","10029",NULL,"George","I-405, Los Angeles, CA, USA","Los Angeles","California","United States","44442g","33","robinjo1776@gmail.com","4379713752","55",NULL,"broker2",NULL,NULL,"Approved","Direct Deposit","2024-09-10","2024-10-10","5","4","bdbdgbb",NULL,"USD",NULL,NULL,NULL,"[]","2024-09-23 09:47:43","2024-12-06 11:03:20"
"18","Robin Joseph","Retailer","54345345345","www.fred.com","robinjo1776@gmail.com","5435345345","33","535435","30 Greendowns Drive","Toronto","Ontario","Canada","M1M 2G7",NULL,"5 E 98th St, New York, NY 10029, USA","New York","New York","United States","10029",NULL,"George","I-405, Los Angeles, CA, USA","Los Angeles","California","United States","44442g","33","robinjo1776@gmail.com","4379713752","55",NULL,"broker2",NULL,NULL,"Approved","Direct Deposit","2024-09-10","2024-10-10","5","4","bdbdgbb",NULL,"USD",NULL,NULL,NULL,"[]","2024-09-23 09:47:43","2024-12-06 11:03:20"
"19","Robin Joseph","Retailer","54345345345","www.fred.com","robinjo1776@gmail.com","5435345345","33","535435","30 Greendowns Drive","Toronto","Ontario","Canada","M1M 2G7",NULL,"5 E 98th St, New York, NY 10029, USA","New York","New York","United States","10029",NULL,"George","I-405, Los Angeles, CA, USA","Los Angeles","California","United States","44442g","33","robinjo1776@gmail.com","4379713752","55",NULL,"broker2",NULL,NULL,"Approved","Direct Deposit","2024-09-10","2024-10-10","5","4","bdbdgbb",NULL,"USD",NULL,NULL,NULL,"[]","2024-09-23 09:47:43","2024-12-06 11:03:20"
"20","Robin Joseph","Retailer","54345345345","www.fred.com","robinjo1776@gmail.com","5435345345","33","535435","30 Greendowns Drive","Toronto","Ontario","Canada","M1M 2G7",NULL,"5 E 98th St, New York, NY 10029, USA","New York","New York","United States","10029",NULL,"George","I-405, Los Angeles, CA, USA","Los Angeles","California","United States","44442g","33","robinjo1776@gmail.com","4379713752","55",NULL,"broker2",NULL,NULL,"Approved","Direct Deposit","2024-09-10","2024-10-10","5","4","bdbdgbb",NULL,"USD",NULL,NULL,NULL,"[]","2024-09-23 09:47:43","2024-12-06 11:03:20"
"21","Robin Joseph","Retailer","54345345345","www.fred.com","robinjo1776@gmail.com","5435345345","33","535435","30 Greendowns Drive","Toronto","Ontario","Canada","M1M 2G7",NULL,"5 E 98th St, New York, NY 10029, USA","New York","New York","United States","10029",NULL,"George","I-405, Los Angeles, CA, USA","Los Angeles","California","United States","44442g","33","robinjo1776@gmail.com","4379713752","55",NULL,"broker2",NULL,NULL,"Approved","Direct Deposit","2024-09-10","2024-10-10","5","4","bdbdgbb",NULL,"USD",NULL,NULL,NULL,"[]","2024-09-23 09:47:43","2024-12-06 11:03:20"
"22","Robin Joseph","Retailer","54345345345","www.fred.com","robinjo1776@gmail.com","5435345345","33","535435","30 Greendowns Drive","Toronto","Ontario","Canada","M1M 2G7",NULL,"5 E 98th St, New York, NY 10029, USA","New York","New York","United States","10029",NULL,"George","I-405, Los Angeles, CA, USA","Los Angeles","California","United States","44442g","33","robinjo1776@gmail.com","4379713752","55",NULL,"broker2",NULL,NULL,"Approved","Direct Deposit","2024-09-10","2024-10-10","5","4","bdbdgbb",NULL,"USD",NULL,NULL,NULL,"[]","2024-09-23 09:47:43","2024-12-06 11:03:20"
"23","Robin Joseph","Retailer","54345345345","www.fred.com","robinjo1776@gmail.com","5435345345","33","535435","30 Greendowns Drive","Toronto","Ontario","Canada","M1M 2G7",NULL,"5 E 98th St, New York, NY 10029, USA","New York","New York","United States","10029",NULL,"George","I-405, Los Angeles, CA, USA","Los Angeles","California","United States","44442g","33","robinjo1776@gmail.com","4379713752","55",NULL,"broker2",NULL,NULL,"Approved","Direct Deposit","2024-09-10","2024-10-10","5","4","bdbdgbb",NULL,"USD",NULL,NULL,NULL,"[]","2024-09-23 09:47:43","2024-12-06 11:03:20"
"24","Robin Joseph","Retailer","54345345345","www.fred.com","robinjo1776@gmail.com","5435345345","33","535435","30 Greendowns Drive","Toronto","Ontario","Canada","M1M 2G7",NULL,"5 E 98th St, New York, NY 10029, USA","New York","New York","United States","10029",NULL,"George","I-405, Los Angeles, CA, USA","Los Angeles","California","United States","44442g","33","robinjo1776@gmail.com","4379713752","55",NULL,"broker2",NULL,NULL,"Approved","Direct Deposit","2024-09-10","2024-10-10","5","4","bdbdgbb",NULL,"USD",NULL,NULL,NULL,"[]","2024-09-23 09:47:43","2024-12-06 11:03:20"
"25","Robin Joseph","Retailer","54345345345","www.fred.com","robinjo1776@gmail.com","5435345345","33","535435","30 Greendowns Drive","Toronto","Ontario","Canada","M1M 2G7",NULL,"5 E 98th St, New York, NY 10029, USA","New York","New York","United States","10029",NULL,"George","I-405, Los Angeles, CA, USA","Los Angeles","California","United States","44442g","33","robinjo1776@gmail.com","4379713752","55",NULL,"broker2",NULL,NULL,"Approved","Direct Deposit","2024-09-10","2024-10-10","5","4","bdbdgbb",NULL,"USD",NULL,NULL,NULL,"[]","2024-09-23 09:47:43","2024-12-06 11:03:20"
"26","Robin Joseph","Retailer","54345345345","www.fred.com","robinjo1776@gmail.com","5435345345","33","535435","30 Greendowns Drive","Toronto","Ontario","Canada","M1M 2G7",NULL,"5 E 98th St, New York, NY 10029, USA","New York","New York","United States","10029",NULL,"George","I-405, Los Angeles, CA, USA","Los Angeles","California","United States","44442g","33","robinjo1776@gmail.com","4379713752","55",NULL,"broker2",NULL,NULL,"Approved","Direct Deposit","2024-09-10","2024-10-10","5","4","bdbdgbb",NULL,"USD",NULL,NULL,NULL,"[]","2024-09-23 09:47:43","2024-12-06 11:03:20"
"27","Robin Joseph","Retailer","54345345345","www.fred.com","robinjo1776@gmail.com","5435345345","33","535435","30 Greendowns Drive","Toronto","Ontario","Canada","M1M 2G7",NULL,"5 E 98th St, New York, NY 10029, USA","New York","New York","United States","10029",NULL,"George","I-405, Los Angeles, CA, USA","Los Angeles","California","United States","44442g","33","robinjo1776@gmail.com","4379713752","55",NULL,"broker2",NULL,NULL,"Approved","Direct Deposit","2024-09-10","2024-10-10","5","4","bdbdgbb",NULL,"USD",NULL,NULL,NULL,"[]","2024-09-23 09:47:43","2024-12-06 11:03:20"
"28","Robin Joseph","Retailer","54345345345","www.fred.com","robinjo1776@gmail.com","5435345345","33","535435","30 Greendowns Drive","Toronto","Ontario","Canada","M1M 2G7",NULL,"5 E 98th St, New York, NY 10029, USA","New York","New York","United States","10029",NULL,"George","I-405, Los Angeles, CA, USA","Los Angeles","California","United States","44442g","33","robinjo1776@gmail.com","4379713752","55",NULL,"broker2",NULL,NULL,"Approved","Direct Deposit","2024-09-10","2024-10-10","5","4","bdbdgbb",NULL,"USD",NULL,NULL,NULL,"[]","2024-09-23 09:47:43","2024-12-06 11:03:20"
"29","Robin Joseph","Retailer","54345345345","www.fred.com","robinjo1776@gmail.com","5435345345","33","535435","30 Greendowns Drive","Toronto","Ontario","Canada","M1M 2G7",NULL,"5 E 98th St, New York, NY 10029, USA","New York","New York","United States","10029",NULL,"George","I-405, Los Angeles, CA, USA","Los Angeles","California","United States","44442g","33","robinjo1776@gmail.com","4379713752","55",NULL,"broker2",NULL,NULL,"Approved","Direct Deposit","2024-09-10","2024-10-10","5","4","bdbdgbb",NULL,"USD",NULL,NULL,NULL,"[]","2024-09-23 09:47:43","2024-12-06 11:03:20"
"30","Robin Joseph","Retailer","54345345345","www.fred.com","robinjo1776@gmail.com","5435345345","33","535435","30 Greendowns Drive","Toronto","Ontario","Canada","M1M 2G7",NULL,"5 E 98th St, New York, NY 10029, USA","New York","New York","United States","10029",NULL,"George","I-405, Los Angeles, CA, USA","Los Angeles","California","United States","44442g","33","robinjo1776@gmail.com","4379713752","55",NULL,"broker2",NULL,NULL,"Approved","Direct Deposit","2024-09-10","2024-10-10","5","4","bdbdgbb",NULL,"USD",NULL,NULL,NULL,"[]","2024-09-23 09:47:43","2024-12-06 11:03:20"
"31","Robin Joseph","Retailer","54345345345","www.fred.com","robinjo1776@gmail.com","5435345345","33","535435","30 Greendowns Drive","Toronto","Ontario","Canada","M1M 2G7",NULL,"5 E 98th St, New York, NY 10029, USA","New York","New York","United States","10029",NULL,"George","I-405, Los Angeles, CA, USA","Los Angeles","California","United States","44442g","33","robinjo1776@gmail.com","4379713752","55",NULL,"broker2",NULL,NULL,"Approved","Direct Deposit","2024-09-10","2024-10-10","5","4","bdbdgbb",NULL,"USD",NULL,NULL,NULL,"[]","2024-09-23 09:47:43","2024-12-06 11:03:20"
"32","Robin Joseph","Retailer","54345345345","www.fred.com","robinjo1776@gmail.com","5435345345","33","535435","30 Greendowns Drive","Toronto","Ontario","Canada","M1M 2G7",NULL,"5 E 98th St, New York, NY 10029, USA","New York","New York","United States","10029",NULL,"George","I-405, Los Angeles, CA, USA","Los Angeles","California","United States","44442g","33","robinjo1776@gmail.com","4379713752","55",NULL,"broker2",NULL,NULL,"Approved","Direct Deposit","2024-09-10","2024-10-10","5","4","bdbdgbb",NULL,"USD",NULL,NULL,NULL,"[]","2024-09-23 09:47:43","2024-12-06 11:03:20"
"33","Robin Joseph","Retailer","54345345345","www.fred.com","robinjo1776@gmail.com","5435345345","33","535435","30 Greendowns Drive","Toronto","Ontario","Canada","M1M 2G7",NULL,"5 E 98th St, New York, NY 10029, USA","New York","New York","United States","10029",NULL,"George","I-405, Los Angeles, CA, USA","Los Angeles","California","United States","44442g","33","robinjo1776@gmail.com","4379713752","55",NULL,"broker2",NULL,NULL,"Approved","Direct Deposit","2024-09-10","2024-10-10","5","4","bdbdgbb",NULL,"USD",NULL,NULL,NULL,"[]","2024-09-23 09:47:43","2024-12-06 11:03:20"
"34","Robin Joseph","Retailer","54345345345","www.fred.com","robinjo1776@gmail.com","5435345345","33","535435","30 Greendowns Drive","Toronto","Ontario","Canada","M1M 2G7",NULL,"5 E 98th St, New York, NY 10029, USA","New York","New York","United States","10029",NULL,"George","I-405, Los Angeles, CA, USA","Los Angeles","California","United States","44442g","33","robinjo1776@gmail.com","4379713752","55",NULL,"broker2",NULL,NULL,"Approved","Direct Deposit","2024-09-10","2024-10-10","5","4","bdbdgbb",NULL,"USD",NULL,NULL,NULL,"[]","2024-09-23 09:47:43","2024-12-06 11:03:20"
"35","Robin Joseph","Retailer","54345345345","www.fred.com","robinjo1776@gmail.com","5435345345","33","535435","30 Greendowns Drive","Toronto","Ontario","Canada","M1M 2G7",NULL,"5 E 98th St, New York, NY 10029, USA","New York","New York","United States","10029",NULL,"George","I-405, Los Angeles, CA, USA","Los Angeles","California","United States","44442g","33","robinjo1776@gmail.com","4379713752","55",NULL,"broker2",NULL,NULL,"Approved","Direct Deposit","2024-09-10","2024-10-10","5","4","bdbdgbb",NULL,"USD",NULL,NULL,NULL,"[]","2024-09-23 09:47:43","2024-12-06 11:03:20"
"36","Robin Joseph","Retailer","54345345345","www.fred.com","robinjo1776@gmail.com","5435345345","33","535435","30 Greendowns Drive","Toronto","Ontario","Canada","M1M 2G7",NULL,"5 E 98th St, New York, NY 10029, USA","New York","New York","United States","10029",NULL,"George","I-405, Los Angeles, CA, USA","Los Angeles","California","United States","44442g","33","robinjo1776@gmail.com","4379713752","55",NULL,"broker2",NULL,NULL,"Approved","Direct Deposit","2024-09-10","2024-10-10","5","4","bdbdgbb",NULL,"USD",NULL,NULL,NULL,"[]","2024-09-23 09:47:43","2024-12-06 11:03:20"
"37","Robin Joseph","Retailer","54345345345","www.fred.com","robinjo1776@gmail.com","5435345345","33","535435","30 Greendowns Drive","Toronto","Ontario","Canada","M1M 2G7",NULL,"5 E 98th St, New York, NY 10029, USA","New York","New York","United States","10029",NULL,"George","I-405, Los Angeles, CA, USA","Los Angeles","California","United States","44442g","33","robinjo1776@gmail.com","4379713752","55",NULL,"broker2",NULL,NULL,"Approved","Direct Deposit","2024-09-10","2024-10-10","5","4","bdbdgbb",NULL,"USD",NULL,NULL,NULL,"[]","2024-09-23 09:47:43","2024-12-06 11:03:20"
"38","Robin Joseph","Retailer","54345345345","www.fred.com","robinjo1776@gmail.com","5435345345","33","535435","30 Greendowns Drive","Toronto","Ontario","Canada","M1M 2G7",NULL,"5 E 98th St, New York, NY 10029, USA","New York","New York","United States","10029",NULL,"George","I-405, Los Angeles, CA, USA","Los Angeles","California","United States","44442g","33","robinjo1776@gmail.com","4379713752","55",NULL,"broker2",NULL,NULL,"Approved","Direct Deposit","2024-09-10","2024-10-10","5","4","bdbdgbb",NULL,"USD",NULL,NULL,NULL,"[]","2024-09-23 09:47:43","2024-12-06 11:03:20"
"39","Robin Joseph","Retailer","54345345345","www.fred.com","robinjo1776@gmail.com","5435345345","33","535435","30 Greendowns Drive","Toronto","Ontario","Canada","M1M 2G7",NULL,"5 E 98th St, New York, NY 10029, USA","New York","New York","United States","10029",NULL,"George","I-405, Los Angeles, CA, USA","Los Angeles","California","United States","44442g","33","robinjo1776@gmail.com","4379713752","55",NULL,"broker2",NULL,NULL,"Approved","Direct Deposit","2024-09-10","2024-10-10","5","4","bdbdgbb",NULL,"USD",NULL,NULL,NULL,"[]","2024-09-23 09:47:43","2024-12-06 11:03:20"
"40","Robin Joseph","Retailer","54345345345","www.fred.com","robinjo1776@gmail.com","5435345345","33","535435","30 Greendowns Drive","Toronto","Ontario","Canada","M1M 2G7",NULL,"5 E 98th St, New York, NY 10029, USA","New York","New York","United States","10029",NULL,"George","I-405, Los Angeles, CA, USA","Los Angeles","California","United States","44442g","33","robinjo1776@gmail.com","4379713752","55",NULL,"broker2",NULL,NULL,"Approved","Direct Deposit","2024-09-10","2024-10-10","5","4","bdbdgbb",NULL,"USD",NULL,NULL,NULL,"[]","2024-09-23 09:47:43","2024-12-06 11:03:20"
"41","Robin Joseph","Retailer","54345345345","www.fred.com","robinjo1776@gmail.com","5435345345","33","535435","30 Greendowns Drive","Toronto","Ontario","Canada","M1M 2G7",NULL,"5 E 98th St, New York, NY 10029, USA","New York","New York","United States","10029",NULL,"George","I-405, Los Angeles, CA, USA","Los Angeles","California","United States","44442g","33","robinjo1776@gmail.com","4379713752","55",NULL,"broker2",NULL,NULL,"Approved","Direct Deposit","2024-09-10","2024-10-10","5","4","bdbdgbb",NULL,"USD",NULL,NULL,NULL,"[]","2024-09-23 09:47:43","2024-12-06 11:03:20"
"42","Robin Joseph","Retailer","54345345345","www.fred.com","robinjo1776@gmail.com","5435345345","33","535435","30 Greendowns Drive","Toronto","Ontario","Canada","M1M 2G7",NULL,"5 E 98th St, New York, NY 10029, USA","New York","New York","United States","10029",NULL,"George","I-405, Los Angeles, CA, USA","Los Angeles","California","United States","44442g","33","robinjo1776@gmail.com","4379713752","55",NULL,"broker2",NULL,NULL,"Approved","Direct Deposit","2024-09-10","2024-10-10","5","4","bdbdgbb",NULL,"USD",NULL,NULL,NULL,"[]","2024-09-23 09:47:43","2024-12-06 11:03:20"
"43","Robin Joseph","Retailer","54345345345","www.fred.com","robinjo1776@gmail.com","5435345345","33","535435","30 Greendowns Drive","Toronto","Ontario","Canada","M1M 2G7",NULL,"5 E 98th St, New York, NY 10029, USA","New York","New York","United States","10029",NULL,"George","I-405, Los Angeles, CA, USA","Los Angeles","California","United States","44442g","33","robinjo1776@gmail.com","4379713752","55",NULL,"broker2",NULL,NULL,"Approved","Direct Deposit","2024-09-10","2024-10-10","5","4","bdbdgbb",NULL,"USD",NULL,NULL,NULL,"[]","2024-09-23 09:47:43","2024-12-06 11:03:20"
"44","Robin Joseph","Retailer","54345345345","www.fred.com","robinjo1776@gmail.com","5435345345","33","535435","30 Greendowns Drive","Toronto","Ontario","Canada","M1M 2G7",NULL,"5 E 98th St, New York, NY 10029, USA","New York","New York","United States","10029",NULL,"George","I-405, Los Angeles, CA, USA","Los Angeles","California","United States","44442g","33","robinjo1776@gmail.com","4379713752","55",NULL,"broker2",NULL,NULL,"Approved","Direct Deposit","2024-09-10","2024-10-10","5","4","bdbdgbb",NULL,"USD",NULL,NULL,NULL,"[]","2024-09-23 09:47:43","2024-12-06 11:03:20"
"45","Robin Joseph","Retailer","54345345345","www.fred.com","robinjo1776@gmail.com","5435345345","33","535435","30 Greendowns Drive","Toronto","Ontario","Canada","M1M 2G7",NULL,"5 E 98th St, New York, NY 10029, USA","New York","New York","United States","10029",NULL,"George","I-405, Los Angeles, CA, USA","Los Angeles","California","United States","44442g","33","robinjo1776@gmail.com","4379713752","55",NULL,"broker2",NULL,NULL,"Approved","Direct Deposit","2024-09-10","2024-10-10","5","4","bdbdgbb",NULL,"USD",NULL,NULL,NULL,"[]","2024-09-23 09:47:43","2024-12-06 11:03:20"
"46","Robin Joseph","Retailer","54345345345","www.fred.com","robinjo1776@gmail.com","5435345345","33","535435","30 Greendowns Drive","Toronto","Ontario","Canada","M1M 2G7",NULL,"5 E 98th St, New York, NY 10029, USA","New York","New York","United States","10029",NULL,"George","I-405, Los Angeles, CA, USA","Los Angeles","California","United States","44442g","33","robinjo1776@gmail.com","4379713752","55",NULL,"broker2",NULL,NULL,"Approved","Direct Deposit","2024-09-10","2024-10-10","5","4","bdbdgbb",NULL,"USD",NULL,NULL,NULL,"[]","2024-09-23 09:47:43","2024-12-06 11:03:20"
"47","Robin Joseph","Retailer","54345345345","www.fred.com","robinjo1776@gmail.com","5435345345","33","535435","30 Greendowns Drive","Toronto","Ontario","Canada","M1M 2G7",NULL,"5 E 98th St, New York, NY 10029, USA","New York","New York","United States","10029",NULL,"George","I-405, Los Angeles, CA, USA","Los Angeles","California","United States","44442g","33","robinjo1776@gmail.com","4379713752","55",NULL,"broker2",NULL,NULL,"Approved","Direct Deposit","2024-09-10","2024-10-10","5","4","bdbdgbb",NULL,"USD",NULL,NULL,NULL,"[]","2024-09-23 09:47:43","2024-12-06 11:03:20"
"48","Robin Joseph","Retailer","54345345345","www.fred.com","robinjo1776@gmail.com","5435345345","33","535435","30 Greendowns Drive","Toronto","Ontario","Canada","M1M 2G7",NULL,"5 E 98th St, New York, NY 10029, USA","New York","New York","United States","10029",NULL,"George","I-405, Los Angeles, CA, USA","Los Angeles","California","United States","44442g","33","robinjo1776@gmail.com","4379713752","55",NULL,"broker2",NULL,NULL,"Approved","Direct Deposit","2024-09-10","2024-10-10","5","4","bdbdgbb",NULL,"USD",NULL,NULL,NULL,"[]","2024-09-23 09:47:43","2024-12-06 11:03:20"
"49","Robin Joseph","Retailer","54345345345","www.fred.com","robinjo1776@gmail.com","5435345345","33","535435","30 Greendowns Drive","Toronto","Ontario","Canada","M1M 2G7",NULL,"5 E 98th St, New York, NY 10029, USA","New York","New York","United States","10029",NULL,"George","I-405, Los Angeles, CA, USA","Los Angeles","California","United States","44442g","33","robinjo1776@gmail.com","4379713752","55",NULL,"broker2",NULL,NULL,"Approved","Direct Deposit","2024-09-10","2024-10-10","5","4","bdbdgbb",NULL,"USD",NULL,NULL,NULL,"[]","2024-09-23 09:47:43","2024-12-06 11:03:20"
"50","Robin Joseph","Retailer","54345345345","www.fred.com","robinjo1776@gmail.com","5435345345","33","535435","30 Greendowns Drive","Toronto","Ontario","Canada","M1M 2G7",NULL,"5 E 98th St, New York, NY 10029, USA","New York","New York","United States","10029",NULL,"George","I-405, Los Angeles, CA, USA","Los Angeles","California","United States","44442g","33","robinjo1776@gmail.com","4379713752","55",NULL,"broker2",NULL,NULL,"Approved","Direct Deposit","2024-09-10","2024-10-10","5","4","bdbdgbb",NULL,"USD",NULL,NULL,NULL,"[]","2024-09-23 09:47:43","2024-12-06 11:03:20"
"51","Robin Joseph","Retailer","54345345345","www.fred.com","robinjo1776@gmail.com","5435345345","33","535435","30 Greendowns Drive","Toronto","Ontario","Canada","M1M 2G7",NULL,"5 E 98th St, New York, NY 10029, USA","New York","New York","United States","10029",NULL,"George","I-405, Los Angeles, CA, USA","Los Angeles","California","United States","44442g","33","robinjo1776@gmail.com","4379713752","55",NULL,"broker2",NULL,NULL,"Approved","Direct Deposit","2024-09-10","2024-10-10","5","4","bdbdgbb",NULL,"USD",NULL,NULL,NULL,"[]","2024-09-23 09:47:43","2024-12-06 11:03:20"
"52","Robin Joseph","Retailer","54345345345","www.fred.com","robinjo1776@gmail.com","5435345345","33","535435","30 Greendowns Drive","Toronto","Ontario","Canada","M1M 2G7",NULL,"5 E 98th St, New York, NY 10029, USA","New York","New York","United States","10029",NULL,"George","I-405, Los Angeles, CA, USA","Los Angeles","California","United States","44442g","33","robinjo1776@gmail.com","4379713752","55",NULL,"broker2",NULL,NULL,"Approved","Direct Deposit","2024-09-10","2024-10-10","5","4","bdbdgbb",NULL,"USD",NULL,NULL,NULL,"[]","2024-09-23 09:47:43","2024-12-06 11:03:20"
"53","Robin Joseph","Retailer","54345345345","www.fred.com","robinjo1776@gmail.com","5435345345","33","535435","30 Greendowns Drive","Toronto","Ontario","Canada","M1M 2G7",NULL,"5 E 98th St, New York, NY 10029, USA","New York","New York","United States","10029",NULL,"George","I-405, Los Angeles, CA, USA","Los Angeles","California","United States","44442g","33","robinjo1776@gmail.com","4379713752","55",NULL,"broker2",NULL,NULL,"Approved","Direct Deposit","2024-09-10","2024-10-10","5","4","bdbdgbb",NULL,"USD",NULL,NULL,NULL,"[]","2024-09-23 09:47:43","2024-12-06 11:03:20"
"54","Robin Joseph","Retailer","54345345345","www.fred.com","robinjo1776@gmail.com","5435345345","33","535435","30 Greendowns Drive","Toronto","Ontario","Canada","M1M 2G7",NULL,"5 E 98th St, New York, NY 10029, USA","New York","New York","United States","10029",NULL,"George","I-405, Los Angeles, CA, USA","Los Angeles","California","United States","44442g","33","robinjo1776@gmail.com","4379713752","55",NULL,"broker2",NULL,NULL,"Approved","Direct Deposit","2024-09-10","2024-10-10","5","4","bdbdgbb",NULL,"USD",NULL,NULL,NULL,"[]","2024-09-23 09:47:43","2024-12-06 11:03:20"
"55","Robin Joseph","Retailer","54345345345","www.fred.com","robinjo1776@gmail.com","5435345345","33","535435","30 Greendowns Drive","Toronto","Ontario","Canada","M1M 2G7",NULL,"5 E 98th St, New York, NY 10029, USA","New York","New York","United States","10029",NULL,"George","I-405, Los Angeles, CA, USA","Los Angeles","California","United States","44442g","33","robinjo1776@gmail.com","4379713752","55",NULL,"broker2",NULL,NULL,"Approved","Direct Deposit","2024-09-10","2024-10-10","5","4","bdbdgbb",NULL,"USD",NULL,NULL,NULL,"[]","2024-09-23 09:47:43","2024-12-06 11:03:20"
"56","Robin Joseph","Retailer","54345345345","www.fred.com","robinjo1776@gmail.com","5435345345","33","535435","30 Greendowns Drive","Toronto","Ontario","Canada","M1M 2G7",NULL,"5 E 98th St, New York, NY 10029, USA","New York","New York","United States","10029",NULL,"George","I-405, Los Angeles, CA, USA","Los Angeles","California","United States","44442g","33","robinjo1776@gmail.com","4379713752","55",NULL,"broker2",NULL,NULL,"Approved","Direct Deposit","2024-09-10","2024-10-10","5","4","bdbdgbb",NULL,"USD",NULL,NULL,NULL,"[]","2024-09-23 09:47:43","2024-12-06 11:03:20"
"57","Robin Joseph","Retailer","54345345345","www.fred.com","robinjo1776@gmail.com","5435345345","33","535435","30 Greendowns Drive","Toronto","Ontario","Canada","M1M 2G7",NULL,"5 E 98th St, New York, NY 10029, USA","New York","New York","United States","10029",NULL,"George","I-405, Los Angeles, CA, USA","Los Angeles","California","United States","44442g","33","robinjo1776@gmail.com","4379713752","55",NULL,"broker2",NULL,NULL,"Approved","Direct Deposit","2024-09-10","2024-10-10","5","4","bdbdgbb",NULL,"USD",NULL,NULL,NULL,"[]","2024-09-23 09:47:43","2024-12-06 11:03:20"
"58","Robin Joseph","Retailer","54345345345","www.fred.com","robinjo1776@gmail.com","5435345345","33","535435","30 Greendowns Drive","Toronto","Ontario","Canada","M1M 2G7",NULL,"5 E 98th St, New York, NY 10029, USA","New York","New York","United States","10029",NULL,"George","I-405, Los Angeles, CA, USA","Los Angeles","California","United States","44442g","33","robinjo1776@gmail.com","4379713752","55",NULL,"broker2",NULL,NULL,"Approved","Direct Deposit","2024-09-10","2024-10-10","5","4","bdbdgbb",NULL,"USD",NULL,NULL,NULL,"[]","2024-09-23 09:47:43","2024-12-06 11:03:20"
"59","Robin Joseph","Retailer","54345345345","www.fred.com","robinjo1776@gmail.com","5435345345","33","535435","30 Greendowns Drive","Toronto","Ontario","Canada","M1M 2G7",NULL,"5 E 98th St, New York, NY 10029, USA","New York","New York","United States","10029",NULL,"George","I-405, Los Angeles, CA, USA","Los Angeles","California","United States","44442g","33","robinjo1776@gmail.com","4379713752","55",NULL,"broker2",NULL,NULL,"Approved","Direct Deposit","2024-09-10","2024-10-10","5","4","bdbdgbb",NULL,"USD",NULL,NULL,NULL,"[]","2024-09-23 09:47:43","2024-12-06 11:03:20"
"60","Robin Joseph","Retailer","54345345345","www.fred.com","robinjo1776@gmail.com","5435345345","33","535435","30 Greendowns Drive","Toronto","Ontario","Canada","M1M 2G7",NULL,"5 E 98th St, New York, NY 10029, USA","New York","New York","United States","10029",NULL,"George","I-405, Los Angeles, CA, USA","Los Angeles","California","United States","44442g","33","robinjo1776@gmail.com","4379713752","55",NULL,"broker2",NULL,NULL,"Approved","Direct Deposit","2024-09-10","2024-10-10","5","4","bdbdgbb",NULL,"USD",NULL,NULL,NULL,"[]","2024-09-23 09:47:43","2024-12-06 11:03:20"
"61","Robin Joseph","Retailer","54345345345","www.fred.com","robinjo1776@gmail.com","5435345345","33","535435","30 Greendowns Drive","Toronto","Ontario","Canada","M1M 2G7",NULL,"5 E 98th St, New York, NY 10029, USA","New York","New York","United States","10029",NULL,"George","I-405, Los Angeles, CA, USA","Los Angeles","California","United States","44442g","33","robinjo1776@gmail.com","4379713752","55",NULL,"broker2",NULL,NULL,"Approved","Direct Deposit","2024-09-10","2024-10-10","5","4","bdbdgbb",NULL,"USD",NULL,NULL,NULL,"[]","2024-09-23 09:47:43","2024-12-06 11:03:20"
"62","Robin Joseph","Retailer","54345345345","www.fred.com","robinjo1776@gmail.com","5435345345","33","535435","30 Greendowns Drive","Toronto","Ontario","Canada","M1M 2G7",NULL,"5 E 98th St, New York, NY 10029, USA","New York","New York","United States","10029",NULL,"George","I-405, Los Angeles, CA, USA","Los Angeles","California","United States","44442g","33","robinjo1776@gmail.com","4379713752","55",NULL,"broker2",NULL,NULL,"Approved","Direct Deposit","2024-09-10","2024-10-10","5","4","bdbdgbb",NULL,"USD",NULL,NULL,NULL,"[]","2024-09-23 09:47:43","2024-12-06 11:03:20"
"63","Robin Joseph","Retailer","54345345345","www.fred.com","robinjo1776@gmail.com","5435345345","33","535435","30 Greendowns Drive","Toronto","Ontario","Canada","M1M 2G7",NULL,"5 E 98th St, New York, NY 10029, USA","New York","New York","United States","10029",NULL,"George","I-405, Los Angeles, CA, USA","Los Angeles","California","United States","44442g","33","robinjo1776@gmail.com","4379713752","55",NULL,"broker2",NULL,NULL,"Approved","Direct Deposit","2024-09-10","2024-10-10","5","4","bdbdgbb",NULL,"USD",NULL,NULL,NULL,"[]","2024-09-23 09:47:43","2024-12-06 11:03:20"
"64","Robin Joseph","Retailer","54345345345","www.fred.com","robinjo1776@gmail.com","5435345345","33","535435","30 Greendowns Drive","Toronto","Ontario","Canada","M1M 2G7",NULL,"5 E 98th St, New York, NY 10029, USA","New York","New York","United States","10029",NULL,"George","I-405, Los Angeles, CA, USA","Los Angeles","California","United States","44442g","33","robinjo1776@gmail.com","4379713752","55",NULL,"broker2",NULL,NULL,"Approved","Direct Deposit","2024-09-10","2024-10-10","5","4","bdbdgbb",NULL,"USD",NULL,NULL,NULL,"[]","2024-09-23 09:47:43","2024-12-06 11:03:20"
"65","Robin Joseph","Retailer","54345345345","www.fred.com","robinjo1776@gmail.com","5435345345","33","535435","30 Greendowns Drive","Toronto","Ontario","Canada","M1M 2G7",NULL,"5 E 98th St, New York, NY 10029, USA","New York","New York","United States","10029",NULL,"George","I-405, Los Angeles, CA, USA","Los Angeles","California","United States","44442g","33","robinjo1776@gmail.com","4379713752","55",NULL,"broker2",NULL,NULL,"Approved","Direct Deposit","2024-09-10","2024-10-10","5","4","bdbdgbb",NULL,"USD",NULL,NULL,NULL,"[]","2024-09-23 09:47:43","2024-12-06 11:03:20"
"66","Robin Joseph","Retailer","54345345345","www.fred.com","robinjo1776@gmail.com","5435345345","33","535435","30 Greendowns Drive","Toronto","Ontario","Canada","M1M 2G7",NULL,"5 E 98th St, New York, NY 10029, USA","New York","New York","United States","10029",NULL,"George","I-405, Los Angeles, CA, USA","Los Angeles","California","United States","44442g","33","robinjo1776@gmail.com","4379713752","55",NULL,"broker2",NULL,NULL,"Approved","Direct Deposit","2024-09-10","2024-10-10","5","4","bdbdgbb",NULL,"USD",NULL,NULL,NULL,"[]","2024-09-23 09:47:43","2024-12-06 11:03:20"
"67","Robin Joseph","Retailer","54345345345","www.fred.com","robinjo1776@gmail.com","5435345345","33","535435","30 Greendowns Drive","Toronto","Ontario","Canada","M1M 2G7",NULL,"5 E 98th St, New York, NY 10029, USA","New York","New York","United States","10029",NULL,"George","I-405, Los Angeles, CA, USA","Los Angeles","California","United States","44442g","33","robinjo1776@gmail.com","4379713752","55",NULL,"broker2",NULL,NULL,"Approved","Direct Deposit","2024-09-10","2024-10-10","5","4","bdbdgbb",NULL,"USD",NULL,NULL,NULL,"[]","2024-09-23 09:47:43","2024-12-06 11:03:20"
"68","Robin Joseph","Retailer","54345345345","www.fred.com","robinjo1776@gmail.com","5435345345","33","535435","30 Greendowns Drive","Toronto","Ontario","Canada","M1M 2G7",NULL,"5 E 98th St, New York, NY 10029, USA","New York","New York","United States","10029",NULL,"George","I-405, Los Angeles, CA, USA","Los Angeles","California","United States","44442g","33","robinjo1776@gmail.com","4379713752","55",NULL,"broker2",NULL,NULL,"Approved","Direct Deposit","2024-09-10","2024-10-10","5","4","bdbdgbb",NULL,"USD",NULL,NULL,NULL,"[]","2024-09-23 09:47:43","2024-12-06 11:03:20"
"69","Robin Joseph","Retailer","54345345345","www.fred.com","robinjo1776@gmail.com","5435345345","33","535435","30 Greendowns Drive","Toronto","Ontario","Canada","M1M 2G7",NULL,"5 E 98th St, New York, NY 10029, USA","New York","New York","United States","10029",NULL,"George","I-405, Los Angeles, CA, USA","Los Angeles","California","United States","44442g","33","robinjo1776@gmail.com","4379713752","55",NULL,"broker2",NULL,NULL,"Approved","Direct Deposit","2024-09-10","2024-10-10","5","4","bdbdgbb",NULL,"USD",NULL,NULL,NULL,"[]","2024-09-23 09:47:43","2024-12-06 11:03:20"
"70","Robin Joseph","Retailer","54345345345","www.fred.com","robinjo1776@gmail.com","5435345345","33","535435","30 Greendowns Drive","Toronto","Ontario","Canada","M1M 2G7",NULL,"5 E 98th St, New York, NY 10029, USA","New York","New York","United States","10029",NULL,"George","I-405, Los Angeles, CA, USA","Los Angeles","California","United States","44442g","33","robinjo1776@gmail.com","4379713752","55",NULL,"broker2",NULL,NULL,"Approved","Direct Deposit","2024-09-10","2024-10-10","5","4","bdbdgbb",NULL,"USD",NULL,NULL,NULL,"[]","2024-09-23 09:47:43","2024-12-06 11:03:20"
"71","Robin Joseph","Retailer","54345345345","www.fred.com","robinjo1776@gmail.com","5435345345","33","535435","30 Greendowns Drive","Toronto","Ontario","Canada","M1M 2G7",NULL,"5 E 98th St, New York, NY 10029, USA","New York","New York","United States","10029",NULL,"George","I-405, Los Angeles, CA, USA","Los Angeles","California","United States","44442g","33","robinjo1776@gmail.com","4379713752","55",NULL,"broker2",NULL,NULL,"Approved","Direct Deposit","2024-09-10","2024-10-10","5","4","bdbdgbb",NULL,"USD",NULL,NULL,NULL,"[]","2024-09-23 09:47:43","2024-12-06 11:03:20"
"72","Robin Joseph","Retailer","54345345345","www.fred.com","robinjo1776@gmail.com","5435345345","33","535435","30 Greendowns Drive","Toronto","Ontario","Canada","M1M 2G7",NULL,"5 E 98th St, New York, NY 10029, USA","New York","New York","United States","10029",NULL,"George","I-405, Los Angeles, CA, USA","Los Angeles","California","United States","44442g","33","robinjo1776@gmail.com","4379713752","55",NULL,"broker2",NULL,NULL,"Approved","Direct Deposit","2024-09-10","2024-10-10","5","4","bdbdgbb",NULL,"USD",NULL,NULL,NULL,"[]","2024-09-23 09:47:43","2024-12-06 11:03:20"
"73","Robin Joseph","Retailer","54345345345","www.fred.com","robinjo1776@gmail.com","5435345345","33","535435","30 Greendowns Drive","Toronto","Ontario","Canada","M1M 2G7",NULL,"5 E 98th St, New York, NY 10029, USA","New York","New York","United States","10029",NULL,"George","I-405, Los Angeles, CA, USA","Los Angeles","California","United States","44442g","33","robinjo1776@gmail.com","4379713752","55",NULL,"broker2",NULL,NULL,"Approved","Direct Deposit","2024-09-10","2024-10-10","5","4","bdbdgbb",NULL,"USD",NULL,NULL,NULL,"[]","2024-09-23 09:47:43","2024-12-06 11:03:20"
"74","Robin Joseph","Retailer","54345345345","www.fred.com","robinjo1776@gmail.com","5435345345","33","535435","30 Greendowns Drive","Toronto","Ontario","Canada","M1M 2G7",NULL,"5 E 98th St, New York, NY 10029, USA","New York","New York","United States","10029",NULL,"George","I-405, Los Angeles, CA, USA","Los Angeles","California","United States","44442g","33","robinjo1776@gmail.com","4379713752","55",NULL,"broker2",NULL,NULL,"Approved","Direct Deposit","2024-09-10","2024-10-10","5","4","bdbdgbb",NULL,"USD",NULL,NULL,NULL,"[]","2024-09-23 09:47:43","2024-12-06 11:03:20"
"75","Robin Joseph","Retailer","54345345345","www.fred.com","robinjo1776@gmail.com","5435345345","33","535435","30 Greendowns Drive","Toronto","Ontario","Canada","M1M 2G7",NULL,"5 E 98th St, New York, NY 10029, USA","New York","New York","United States","10029",NULL,"George","I-405, Los Angeles, CA, USA","Los Angeles","California","United States","44442g","33","robinjo1776@gmail.com","4379713752","55",NULL,"broker2",NULL,NULL,"Approved","Direct Deposit","2024-09-10","2024-10-10","5","4","bdbdgbb",NULL,"USD",NULL,NULL,NULL,"[]","2024-09-23 09:47:43","2024-12-06 11:03:20"
"76","Robin Joseph","Retailer","54345345345","www.fred.com","robinjo1776@gmail.com","5435345345","33","535435","30 Greendowns Drive","Toronto","Ontario","Canada","M1M 2G7",NULL,"5 E 98th St, New York, NY 10029, USA","New York","New York","United States","10029",NULL,"George","I-405, Los Angeles, CA, USA","Los Angeles","California","United States","44442g","33","robinjo1776@gmail.com","4379713752","55",NULL,"broker2",NULL,NULL,"Approved","Direct Deposit","2024-09-10","2024-10-10","5","4","bdbdgbb",NULL,"USD",NULL,NULL,NULL,"[]","2024-09-23 09:47:43","2024-12-06 11:03:20"
"77","Robin Joseph","Retailer","54345345345","www.fred.com","robinjo1776@gmail.com","5435345345","33","535435","30 Greendowns Drive","Toronto","Ontario","Canada","M1M 2G7",NULL,"5 E 98th St, New York, NY 10029, USA","New York","New York","United States","10029",NULL,"George","I-405, Los Angeles, CA, USA","Los Angeles","California","United States","44442g","33","robinjo1776@gmail.com","4379713752","55",NULL,"broker2",NULL,NULL,"Approved","Direct Deposit","2024-09-10","2024-10-10","5","4","bdbdgbb",NULL,"USD",NULL,NULL,NULL,"[]","2024-09-23 09:47:43","2024-12-06 11:03:20"
"78","Robin Joseph","Retailer","54345345345","www.fred.com","robinjo1776@gmail.com","5435345345","33","535435","30 Greendowns Drive","Toronto","Ontario","Canada","M1M 2G7",NULL,"5 E 98th St, New York, NY 10029, USA","New York","New York","United States","10029",NULL,"George","I-405, Los Angeles, CA, USA","Los Angeles","California","United States","44442g","33","robinjo1776@gmail.com","4379713752","55",NULL,"broker2",NULL,NULL,"Approved","Direct Deposit","2024-09-10","2024-10-10","5","4","bdbdgbb",NULL,"USD",NULL,NULL,NULL,"[]","2024-09-23 09:47:43","2024-12-06 11:03:20"
"79","Robin Joseph","Retailer","54345345345","www.fred.com","robinjo1776@gmail.com","5435345345","33","535435","30 Greendowns Drive","Toronto","Ontario","Canada","M1M 2G7",NULL,"5 E 98th St, New York, NY 10029, USA","New York","New York","United States","10029",NULL,"George","I-405, Los Angeles, CA, USA","Los Angeles","California","United States","44442g","33","robinjo1776@gmail.com","4379713752","55",NULL,"broker2",NULL,NULL,"Approved","Direct Deposit","2024-09-10","2024-10-10","5","4","bdbdgbb",NULL,"USD",NULL,NULL,NULL,"[]","2024-09-23 09:47:43","2024-12-06 11:03:20"
"80","Robin Joseph","Retailer","54345345345","www.fred.com","robinjo1776@gmail.com","5435345345","33","535435","30 Greendowns Drive","Toronto","Ontario","Canada","M1M 2G7",NULL,"5 E 98th St, New York, NY 10029, USA","New York","New York","United States","10029",NULL,"George","I-405, Los Angeles, CA, USA","Los Angeles","California","United States","44442g","33","robinjo1776@gmail.com","4379713752","55",NULL,"broker2",NULL,NULL,"Approved","Direct Deposit","2024-09-10","2024-10-10","5","4","bdbdgbb",NULL,"USD",NULL,NULL,NULL,"[]","2024-09-23 09:47:43","2024-12-06 11:03:20"
"81","Robin Joseph","Retailer","54345345345","www.fred.com","robinjo1776@gmail.com","5435345345","33","535435","30 Greendowns Drive","Toronto","Ontario","Canada","M1M 2G7",NULL,"5 E 98th St, New York, NY 10029, USA","New York","New York","United States","10029",NULL,"George","I-405, Los Angeles, CA, USA","Los Angeles","California","United States","44442g","33","robinjo1776@gmail.com","4379713752","55",NULL,"broker2",NULL,NULL,"Approved","Direct Deposit","2024-09-10","2024-10-10","5","4","bdbdgbb",NULL,"USD",NULL,NULL,NULL,"[]","2024-09-23 09:47:43","2024-12-06 11:03:20"
"82","Robin Joseph","Retailer","54345345345","www.fred.com","robinjo1776@gmail.com","5435345345","33","535435","30 Greendowns Drive","Toronto","Ontario","Canada","M1M 2G7",NULL,"5 E 98th St, New York, NY 10029, USA","New York","New York","United States","10029",NULL,"George","I-405, Los Angeles, CA, USA","Los Angeles","California","United States","44442g","33","robinjo1776@gmail.com","4379713752","55",NULL,"broker2",NULL,NULL,"Approved","Direct Deposit","2024-09-10","2024-10-10","5","4","bdbdgbb",NULL,"USD",NULL,NULL,NULL,"[]","2024-09-23 09:47:43","2024-12-06 11:03:20"
"83","Robin Joseph","Retailer","54345345345","www.fred.com","robinjo1776@gmail.com","5435345345","33","535435","30 Greendowns Drive","Toronto","Ontario","Canada","M1M 2G7",NULL,"5 E 98th St, New York, NY 10029, USA","New York","New York","United States","10029",NULL,"George","I-405, Los Angeles, CA, USA","Los Angeles","California","United States","44442g","33","robinjo1776@gmail.com","4379713752","55",NULL,"broker2",NULL,NULL,"Approved","Direct Deposit","2024-09-10","2024-10-10","5","4","bdbdgbb",NULL,"USD",NULL,NULL,NULL,"[]","2024-09-23 09:47:43","2024-12-06 11:03:20"
"84","Robin Joseph","Retailer","54345345345","www.fred.com","robinjo1776@gmail.com","5435345345","33","535435","30 Greendowns Drive","Toronto","Ontario","Canada","M1M 2G7",NULL,"5 E 98th St, New York, NY 10029, USA","New York","New York","United States","10029",NULL,"George","I-405, Los Angeles, CA, USA","Los Angeles","California","United States","44442g","33","robinjo1776@gmail.com","4379713752","55",NULL,"broker2",NULL,NULL,"Approved","Direct Deposit","2024-09-10","2024-10-10","5","4","bdbdgbb",NULL,"USD",NULL,NULL,NULL,"[]","2024-09-23 09:47:43","2024-12-06 11:03:20"
"85","Robin Joseph","Retailer","54345345345","www.fred.com","robinjo1776@gmail.com","5435345345","33","535435","30 Greendowns Drive","Toronto","Ontario","Canada","M1M 2G7",NULL,"5 E 98th St, New York, NY 10029, USA","New York","New York","United States","10029",NULL,"George","I-405, Los Angeles, CA, USA","Los Angeles","California","United States","44442g","33","robinjo1776@gmail.com","4379713752","55",NULL,"broker2",NULL,NULL,"Approved","Direct Deposit","2024-09-10","2024-10-10","5","4","bdbdgbb",NULL,"USD",NULL,NULL,NULL,"[]","2024-09-23 09:47:43","2024-12-06 11:03:20"
"86","Robin Joseph","Retailer","54345345345","www.fred.com","robinjo1776@gmail.com","5435345345","33","535435","30 Greendowns Drive","Toronto","Ontario","Canada","M1M 2G7",NULL,"5 E 98th St, New York, NY 10029, USA","New York","New York","United States","10029",NULL,"George","I-405, Los Angeles, CA, USA","Los Angeles","California","United States","44442g","33","robinjo1776@gmail.com","4379713752","55",NULL,"broker2",NULL,NULL,"Approved","Direct Deposit","2024-09-10","2024-10-10","5","4","bdbdgbb",NULL,"USD",NULL,NULL,NULL,"[]","2024-09-23 09:47:43","2024-12-06 11:03:20"
"87","Robin Joseph","Retailer","54345345345","www.fred.com","robinjo1776@gmail.com","5435345345","33","535435","30 Greendowns Drive","Toronto","Ontario","Canada","M1M 2G7",NULL,"5 E 98th St, New York, NY 10029, USA","New York","New York","United States","10029",NULL,"George","I-405, Los Angeles, CA, USA","Los Angeles","California","United States","44442g","33","robinjo1776@gmail.com","4379713752","55",NULL,"broker2",NULL,NULL,"Approved","Direct Deposit","2024-09-10","2024-10-10","5","4","bdbdgbb",NULL,"USD",NULL,NULL,NULL,"[]","2024-09-23 09:47:43","2024-12-06 11:03:20"
"88","Robin Joseph","Retailer","54345345345","www.fred.com","robinjo1776@gmail.com","5435345345","33","535435","30 Greendowns Drive","Toronto","Ontario","Canada","M1M 2G7",NULL,"5 E 98th St, New York, NY 10029, USA","New York","New York","United States","10029",NULL,"George","I-405, Los Angeles, CA, USA","Los Angeles","California","United States","44442g","33","robinjo1776@gmail.com","4379713752","55",NULL,"broker2",NULL,NULL,"Approved","Direct Deposit","2024-09-10","2024-10-10","5","4","bdbdgbb",NULL,"USD",NULL,NULL,NULL,"[]","2024-09-23 09:47:43","2024-12-06 11:03:20"
"89","Robin Joseph","Retailer","54345345345","www.fred.com","robinjo1776@gmail.com","5435345345","33","535435","30 Greendowns Drive","Toronto","Ontario","Canada","M1M 2G7",NULL,"5 E 98th St, New York, NY 10029, USA","New York","New York","United States","10029",NULL,"George","I-405, Los Angeles, CA, USA","Los Angeles","California","United States","44442g","33","robinjo1776@gmail.com","4379713752","55",NULL,"broker2",NULL,NULL,"Approved","Direct Deposit","2024-09-10","2024-10-10","5","4","bdbdgbb",NULL,"USD",NULL,NULL,NULL,"[]","2024-09-23 09:47:43","2024-12-06 11:03:20"
"90","Robin Joseph","Retailer","54345345345","www.fred.com","robinjo1776@gmail.com","5435345345","33","535435","30 Greendowns Drive","Toronto","Ontario","Canada","M1M 2G7",NULL,"5 E 98th St, New York, NY 10029, USA","New York","New York","United States","10029",NULL,"George","I-405, Los Angeles, CA, USA","Los Angeles","California","United States","44442g","33","robinjo1776@gmail.com","4379713752","55",NULL,"broker2",NULL,NULL,"Approved","Direct Deposit","2024-09-10","2024-10-10","5","4","bdbdgbb",NULL,"USD",NULL,NULL,NULL,"[]","2024-09-23 09:47:43","2024-12-06 11:03:20"
"91","Robin Joseph","Retailer","54345345345","www.fred.com","robinjo1776@gmail.com","5435345345","33","535435","30 Greendowns Drive","Toronto","Ontario","Canada","M1M 2G7",NULL,"5 E 98th St, New York, NY 10029, USA","New York","New York","United States","10029",NULL,"George","I-405, Los Angeles, CA, USA","Los Angeles","California","United States","44442g","33","robinjo1776@gmail.com","4379713752","55",NULL,"broker2",NULL,NULL,"Approved","Direct Deposit","2024-09-10","2024-10-10","5","4","bdbdgbb",NULL,"USD",NULL,NULL,NULL,"[]","2024-09-23 09:47:43","2024-12-06 11:03:20"
"92","Robin Joseph","Retailer","54345345345","www.fred.com","robinjo1776@gmail.com","5435345345","33","535435","30 Greendowns Drive","Toronto","Ontario","Canada","M1M 2G7",NULL,"5 E 98th St, New York, NY 10029, USA","New York","New York","United States","10029",NULL,"George","I-405, Los Angeles, CA, USA","Los Angeles","California","United States","44442g","33","robinjo1776@gmail.com","4379713752","55",NULL,"broker2",NULL,NULL,"Approved","Direct Deposit","2024-09-10","2024-10-10","5","4","bdbdgbb",NULL,"USD",NULL,NULL,NULL,"[]","2024-09-23 09:47:43","2024-12-06 11:03:20"
"93","Robin Joseph","Retailer","54345345345","www.fred.com","robinjo1776@gmail.com","5435345345","33","535435","30 Greendowns Drive","Toronto","Ontario","Canada","M1M 2G7",NULL,"5 E 98th St, New York, NY 10029, USA","New York","New York","United States","10029",NULL,"George","I-405, Los Angeles, CA, USA","Los Angeles","California","United States","44442g","33","robinjo1776@gmail.com","4379713752","55",NULL,"broker2",NULL,NULL,"Approved","Direct Deposit","2024-09-10","2024-10-10","5","4","bdbdgbb",NULL,"USD",NULL,NULL,NULL,"[]","2024-09-23 09:47:43","2024-12-06 11:03:20"
"94","Robin Joseph","Retailer","54345345345","www.fred.com","robinjo1776@gmail.com","5435345345","33","535435","30 Greendowns Drive","Toronto","Ontario","Canada","M1M 2G7",NULL,"5 E 98th St, New York, NY 10029, USA","New York","New York","United States","10029",NULL,"George","I-405, Los Angeles, CA, USA","Los Angeles","California","United States","44442g","33","robinjo1776@gmail.com","4379713752","55",NULL,"broker2",NULL,NULL,"Approved","Direct Deposit","2024-09-10","2024-10-10","5","4","bdbdgbb",NULL,"USD",NULL,NULL,NULL,"[]","2024-09-23 09:47:43","2024-12-06 11:03:20"
"95","Robin Joseph","Retailer","54345345345","www.fred.com","robinjo1776@gmail.com","5435345345","33","535435","30 Greendowns Drive","Toronto","Ontario","Canada","M1M 2G7",NULL,"5 E 98th St, New York, NY 10029, USA","New York","New York","United States","10029",NULL,"George","I-405, Los Angeles, CA, USA","Los Angeles","California","United States","44442g","33","robinjo1776@gmail.com","4379713752","55",NULL,"broker2",NULL,NULL,"Approved","Direct Deposit","2024-09-10","2024-10-10","5","4","bdbdgbb",NULL,"USD",NULL,NULL,NULL,"[]","2024-09-23 09:47:43","2024-12-06 11:03:20"
"96","Robin Joseph","Retailer","54345345345","www.fred.com","robinjo1776@gmail.com","5435345345","33","535435","30 Greendowns Drive","Toronto","Ontario","Canada","M1M 2G7",NULL,"5 E 98th St, New York, NY 10029, USA","New York","New York","United States","10029",NULL,"George","I-405, Los Angeles, CA, USA","Los Angeles","California","United States","44442g","33","robinjo1776@gmail.com","4379713752","55",NULL,"broker2",NULL,NULL,"Approved","Direct Deposit","2024-09-10","2024-10-10","5","4","bdbdgbb",NULL,"USD",NULL,NULL,NULL,"[]","2024-09-23 09:47:43","2024-12-06 11:03:20"
"97","Robin Joseph","Retailer","54345345345","www.fred.com","robinjo1776@gmail.com","5435345345","33","535435","30 Greendowns Drive","Toronto","Ontario","Canada","M1M 2G7",NULL,"5 E 98th St, New York, NY 10029, USA","New York","New York","United States","10029",NULL,"George","I-405, Los Angeles, CA, USA","Los Angeles","California","United States","44442g","33","robinjo1776@gmail.com","4379713752","55",NULL,"broker2",NULL,NULL,"Approved","Direct Deposit","2024-09-10","2024-10-10","5","4","bdbdgbb",NULL,"USD",NULL,NULL,NULL,"[]","2024-09-23 09:47:43","2024-12-06 11:03:20"
"98","Robin Joseph","Retailer","54345345345","www.fred.com","robinjo1776@gmail.com","5435345345","33","535435","30 Greendowns Drive","Toronto","Ontario","Canada","M1M 2G7",NULL,"5 E 98th St, New York, NY 10029, USA","New York","New York","United States","10029",NULL,"George","I-405, Los Angeles, CA, USA","Los Angeles","California","United States","44442g","33","robinjo1776@gmail.com","4379713752","55",NULL,"broker2",NULL,NULL,"Approved","Direct Deposit","2024-09-10","2024-10-10","5","4","bdbdgbb",NULL,"USD",NULL,NULL,NULL,"[]","2024-09-23 09:47:43","2024-12-06 11:03:20"
"99","Robin Joseph","Retailer","54345345345","www.fred.com","robinjo1776@gmail.com","5435345345","33","535435","30 Greendowns Drive","Toronto","Ontario","Canada","M1M 2G7",NULL,"5 E 98th St, New York, NY 10029, USA","New York","New York","United States","10029",NULL,"George","I-405, Los Angeles, CA, USA","Los Angeles","California","United States","44442g","33","robinjo1776@gmail.com","4379713752","55",NULL,"broker2",NULL,NULL,"Approved","Direct Deposit","2024-09-10","2024-10-10","5","4","bdbdgbb",NULL,"USD",NULL,NULL,NULL,"[]","2024-09-23 09:47:43","2024-12-06 11:03:20"
"100","Robin Joseph","Retailer","54345345345","www.fred.com","robinjo1776@gmail.com","5435345345","33","535435","30 Greendowns Drive","Toronto","Ontario","Canada","M1M 2G7",NULL,"5 E 98th St, New York, NY 10029, USA","New York","New York","United States","10029",NULL,"George","I-405, Los Angeles, CA, USA","Los Angeles","California","United States","44442g","33","robinjo1776@gmail.com","4379713752","55",NULL,"broker2",NULL,NULL,"Approved","Direct Deposit","2024-09-10","2024-10-10","5","4","bdbdgbb",NULL,"USD",NULL,NULL,NULL,"[]","2024-09-23 09:47:43","2024-12-06 11:03:20"
"101","Robin Joseph","Retailer","54345345345","www.fred.com","robinjo1776@gmail.com","5435345345","33","535435","30 Greendowns Drive","Toronto","Ontario","Canada","M1M 2G7",NULL,"5 E 98th St, New York, NY 10029, USA","New York","New York","United States","10029",NULL,"George","I-405, Los Angeles, CA, USA","Los Angeles","California","United States","44442g","33","robinjo1776@gmail.com","4379713752","55",NULL,"broker2",NULL,NULL,"Approved","Direct Deposit","2024-09-10","2024-10-10","5","4","bdbdgbb",NULL,"USD",NULL,NULL,NULL,"[]","2024-09-23 09:47:43","2024-12-06 11:03:20"
"102","Robin Joseph","Retailer","54345345345","www.fred.com","robinjo1776@gmail.com","5435345345","33","535435","30 Greendowns Drive","Toronto","Ontario","Canada","M1M 2G7",NULL,"5 E 98th St, New York, NY 10029, USA","New York","New York","United States","10029",NULL,"George","I-405, Los Angeles, CA, USA","Los Angeles","California","United States","44442g","33","robinjo1776@gmail.com","4379713752","55",NULL,"broker2",NULL,NULL,"Approved","Direct Deposit","2024-09-10","2024-10-10","5","4","bdbdgbb",NULL,"USD",NULL,NULL,NULL,"[]","2024-09-23 09:47:43","2024-12-06 11:03:20"
"103","Robin Joseph","Retailer","54345345345","www.fred.com","robinjo1776@gmail.com","5435345345","33","535435","30 Greendowns Drive","Toronto","Ontario","Canada","M1M 2G7",NULL,"5 E 98th St, New York, NY 10029, USA","New York","New York","United States","10029",NULL,"George","I-405, Los Angeles, CA, USA","Los Angeles","California","United States","44442g","33","robinjo1776@gmail.com","4379713752","55",NULL,"broker2",NULL,NULL,"Approved","Direct Deposit","2024-09-10","2024-10-10","5","4","bdbdgbb",NULL,"USD",NULL,NULL,NULL,"[]","2024-09-23 09:47:43","2024-12-06 11:03:20"
"104","Robin Joseph","Retailer","54345345345","www.fred.com","robinjo1776@gmail.com","5435345345","33","535435","30 Greendowns Drive","Toronto","Ontario","Canada","M1M 2G7",NULL,"5 E 98th St, New York, NY 10029, USA","New York","New York","United States","10029",NULL,"George","I-405, Los Angeles, CA, USA","Los Angeles","California","United States","44442g","33","robinjo1776@gmail.com","4379713752","55",NULL,"broker2",NULL,NULL,"Approved","Direct Deposit","2024-09-10","2024-10-10","5","4","bdbdgbb",NULL,"USD",NULL,NULL,NULL,"[]","2024-09-23 09:47:43","2024-12-06 11:03:20"
"105","Robin Joseph","Retailer","54345345345","www.fred.com","robinjo1776@gmail.com","5435345345","33","535435","30 Greendowns Drive","Toronto","Ontario","Canada","M1M 2G7",NULL,"5 E 98th St, New York, NY 10029, USA","New York","New York","United States","10029",NULL,"George","I-405, Los Angeles, CA, USA","Los Angeles","California","United States","44442g","33","robinjo1776@gmail.com","4379713752","55",NULL,"broker2",NULL,NULL,"Approved","Direct Deposit","2024-09-10","2024-10-10","5","4","bdbdgbb",NULL,"USD",NULL,NULL,NULL,"[]","2024-09-23 09:47:43","2024-12-06 11:03:20"
"106","Robin Joseph","Retailer","54345345345","www.fred.com","robinjo1776@gmail.com","5435345345","33","535435","30 Greendowns Drive","Toronto","Ontario","Canada","M1M 2G7",NULL,"5 E 98th St, New York, NY 10029, USA","New York","New York","United States","10029",NULL,"George","I-405, Los Angeles, CA, USA","Los Angeles","California","United States","44442g","33","robinjo1776@gmail.com","4379713752","55",NULL,"broker2",NULL,NULL,"Approved","Direct Deposit","2024-09-10","2024-10-10","5","4","bdbdgbb",NULL,"USD",NULL,NULL,NULL,"[]","2024-09-23 09:47:43","2024-12-06 11:03:20"
"107","Robin Joseph","Retailer","54345345345","www.fred.com","robinjo1776@gmail.com","5435345345","33","535435","30 Greendowns Drive","Toronto","Ontario","Canada","M1M 2G7",NULL,"5 E 98th St, New York, NY 10029, USA","New York","New York","United States","10029",NULL,"George","I-405, Los Angeles, CA, USA","Los Angeles","California","United States","44442g","33","robinjo1776@gmail.com","4379713752","55",NULL,"broker2",NULL,NULL,"Approved","Direct Deposit","2024-09-10","2024-10-10","5","4","bdbdgbb",NULL,"USD",NULL,NULL,NULL,"[]","2024-09-23 09:47:43","2024-12-06 11:03:20"
"108","Robin Joseph","Retailer","54345345345","www.fred.com","robinjo1776@gmail.com","5435345345","33","535435","30 Greendowns Drive","Toronto","Ontario","Canada","M1M 2G7",NULL,"5 E 98th St, New York, NY 10029, USA","New York","New York","United States","10029",NULL,"George","I-405, Los Angeles, CA, USA","Los Angeles","California","United States","44442g","33","robinjo1776@gmail.com","4379713752","55",NULL,"broker2",NULL,NULL,"Approved","Direct Deposit","2024-09-10","2024-10-10","5","4","bdbdgbb",NULL,"USD",NULL,NULL,NULL,"[]","2024-09-23 09:47:43","2024-12-06 11:03:20"
